<?xml version="1.0" encoding="UTF-8"?>
<project-private xmlns="http://www.netbeans.org/ns/project-private/1">
    <editor-bookmarks xmlns="http://www.netbeans.org/ns/editor-bookmarks/2" lastBookmarkId="0"/>
    <open-files xmlns="http://www.netbeans.org/ns/projectui-open-files/2">
        <group>
            <file>file:/C:/Users/Jacob%20Winters/Desktop/Java/Lab4/Problem1%20-%20blood/src/problem1/TestClass.java</file>
            <file>file:/C:/Users/Jacob%20Winters/Desktop/Java/Lab4/Problem1%20-%20blood/src/problem1/Patient.java</file>
            <file>file:/C:/Users/Jacob%20Winters/Desktop/Java/Lab4/Problem1%20-%20blood/src/problem1/Problem1.java</file>
            <file>file:/C:/Users/Jacob%20Winters/Desktop/Java/Lab4/Problem1%20-%20blood/src/problem1/Blood.java</file>
        </group>
    </open-files>
</project-private>
