<?xml version="1.0" encoding="UTF-8"?>
<project-private xmlns="http://www.netbeans.org/ns/project-private/1">
    <editor-bookmarks xmlns="http://www.netbeans.org/ns/editor-bookmarks/2" lastBookmarkId="0"/>
    <open-files xmlns="http://www.netbeans.org/ns/projectui-open-files/2">
        <group>
            <file>file:/C:/Users/Jacob%20Winters/Desktop/Java/Lab3Practice/Practice%20-Feb2/src/practice/feb2/Fiction.java</file>
            <file>file:/C:/Users/Jacob%20Winters/Desktop/Java/Lab3Practice/Practice%20-Feb2/src/practice/feb2/Book.java</file>
            <file>file:/C:/Users/Jacob%20Winters/Desktop/Java/Lab3Practice/Practice%20-Feb2/src/practice/feb2/PracticeFeb2.java</file>
        </group>
    </open-files>
</project-private>
